"id_execucao";"timestamp";"geracoes";"pop_size";"dist_win";"dist_w";"a";"sr";"initLen";"tam_reservoir";"reg";"fitness";"mae_valida";"rmse_valida";"mae_teste";"rmse_teste";"r2_teste";"tempo_segundos";"delta_anterior_pct";"delta_recorde_pct";"eh_novo_recorde"
"GA_RUN_0001";"2026-08-19 11:12:55";5;10;"GED";"Normal";0.425205;0.493603;52;24;4.82506045009785e-05;-0.237854;0.262736;0.353443;0.328303;0.49864;0.994;3.44;"— (Primeira Execução)";"— (Primeiro Recorde)";TRUE
"GA_RUN_0002";"2026-08-19 11:13:13";5;10;"GED";"Normal";0.575657;0.041787;83;9;8.46733050880626e-05;-0.237837;0.262896;0.353723;0.327803;0.498341;0.994;3.16;"🔴 +0.06% pior que a anterior";"Recorde Atual: 0.2627 (+0.06%)";FALSE
"GA_RUN_0003";"2026-08-19 11:14:55";80;12;"Pearson V";"Normal";0.966339;0.93711;39;9;3.64326005870841e-05;-0.237772;0.263083;0.354107;0.327577;0.498215;0.994;41.03;"🔴 +0.07% pior que a anterior";"Recorde Atual: 0.2627 (+0.13%)";FALSE
"GA_RUN_0004";"2026-08-19 11:15:26";80;12;"t de Student";"Normal";0.417125;0.38988;116;2;1.60901348336595e-05;-0.237757;0.262836;0.353649;0.327809;0.49835;0.994;30.71;"🟢 0.09% melhor que a anterior";"Recorde Atual: 0.2627 (+0.04%)";FALSE
"GA_RUN_0005";"2026-08-19 11:16:00";80;12;"Laplace";"Normal";0.216837;0.244997;117;9;5.774375518591e-05;-0.237741;0.262976;0.354364;0.327289;0.498758;0.994;33.53;"🔴 +0.05% pior que a anterior";"Recorde Atual: 0.2627 (+0.09%)";FALSE
"GA_RUN_0006";"2026-08-19 11:16:31";80;12;"Pearson V";"Uniforme";0.743177;0.144166;59;3;7.78924831702544e-05;-0.237764;0.262876;0.353791;0.327718;0.498275;0.994;30.78;"🟢 0.04% melhor que a anterior";"Recorde Atual: 0.2627 (+0.05%)";FALSE
"GA_RUN_0007";"2026-08-19 11:17:05";80;12;"t de Student";"Uniforme";0.562382;0.845786;44;14;8.48670428571429e-05;-0.237766;0.26327;0.354827;0.329165;0.499718;0.994;34.36;"🔴 +0.15% pior que a anterior";"Recorde Atual: 0.2627 (+0.20%)";FALSE
"GA_RUN_0008";"2026-08-19 11:17:38";80;12;"Laplace";"Uniforme";0.967705;0.613309;11;3;8.02173363992172e-05;-0.237743;0.262733;0.353736;0.327318;0.498067;0.994;32.17;"🟢 0.20% melhor que a anterior";"🏆 NOVO RECORDE GLOBAL! (Superou em 0.00%)";TRUE
"GA_RUN_0009";"2026-08-19 11:18:08";80;12;"Pearson V";"t de Student";0.985199;0.045952;89;4;2.65519743639922e-05;-0.237765;0.26293;0.353941;0.327661;0.498231;0.994;30.67;"🔴 +0.08% pior que a anterior";"Recorde Atual: 0.2627 (+0.08%)";FALSE
"GA_RUN_0010";"2026-08-19 11:18:50";80;12;"t de Student";"t de Student";0.876029;0.849532;74;26;7.73112698630137e-05;-0.237749;0.26322;0.354223;0.328435;0.498846;0.994;41.86;"🔴 +0.11% pior que a anterior";"Recorde Atual: 0.2627 (+0.19%)";FALSE
"GA_RUN_0011";"2026-08-19 11:19:21";80;12;"Laplace";"t de Student";0.11802;0.92945;77;3;7.16928745596869e-05;-0.237751;0.262895;0.353896;0.32772;0.49822;0.994;30.84;"🟢 0.12% melhor que a anterior";"Recorde Atual: 0.2627 (+0.06%)";FALSE
"GA_RUN_0012";"2026-08-19 12:15:39";NA;6;"GED";"Normal";0.095757;0.455242;29;24;1.68650859099804e-05;-0.003195;0.003212;0.004462;0.003257;0.004514;1;2.03;"🟢 98.78% melhor que a anterior";"🏆 NOVO RECORDE GLOBAL! (Superou em 98.78%)";TRUE
"GA_RUN_0013";"2026-08-19 12:16:23";"5 (Cancelado)";6;"GED";"Normal";0.121537;0.877288;89;31;2.07398412915851e-05;-0.005857;0.005867;0.008564;0.005879;0.008565;0.9999;4.17;"🔴 +82.67% pior que a anterior";"Recorde Atual: 0.0032 (+82.67%)";FALSE
"GA_RUN_0014";"2026-08-19 12:17:22";"7 (Cancelado)";10;"GED";"Normal";0.76956;0.962982;70;33;2.26772189823875e-05;-0.237728;0.262843;0.353634;0.328107;0.498559;0.994;8.08;"🔴 +4380.02% pior que a anterior";"Recorde Atual: 0.0032 (+8083.15%)";FALSE
"GA_RUN_0015";"2026-08-19 13:16:54";"10000";10;"Pearson V";"Normal";0.752668;0.905174;60;2;6.64619547945206e-05;-0.23756;0.262479;0.35366;0.32716;0.497662;0.994;3387.92;"🟢 0.14% melhor que a anterior";"Recorde Atual: 0.0032 (+8071.82%)";FALSE
"GA_RUN_0016";"2026-08-19 13:59:43";"10000";10;"t de Student";"Normal";0.483417;0.813277;4;4;6.12310350293542e-05;-0.23758;0.262391;0.353179;0.328731;0.498968;0.994;2568.56;"🟢 0.03% melhor que a anterior";"Recorde Atual: 0.0032 (+8069.09%)";FALSE
"GA_RUN_0017";"2026-08-19 14:48:00";"10000";10;"Laplace";"Normal";0.566502;0.810919;62;32;2.51958099804305e-05;-0.237486;0.262777;0.353951;0.329465;0.501678;0.9939;2897.17;"🔴 +0.15% pior que a anterior";"Recorde Atual: 0.0032 (+8081.09%)";FALSE
"GA_RUN_0018";"2026-08-19 15:09:43";"10000";10;"Pearson V";"Uniforme";0.221155;0.338122;49;3;7.88611720156556e-05;-0.237739;0.262868;0.35378;0.327728;0.498269;0.994;1302.64;"🔴 +0.03% pior que a anterior";"Recorde Atual: 0.0032 (+8083.94%)";FALSE
"GA_RUN_0019";"2026-08-19 16:32:24";"10000";10;"Pearson V";"Normal";0.398463;0.542736;34;4;4.10823070450098e-05;-0.237737;0.262876;0.353813;0.327694;0.498256;0.994;1719.84;"🔴 +0.00% pior que a anterior";"Recorde Atual: 0.0032 (+8084.17%)";FALSE
"GA_RUN_0020";"2026-08-19 17:14:10";"10000";10;"t de Student";"Normal";0.714079;0.191041;63;31;4.2050995890411e-05;-0.237652;0.263102;0.354229;0.32874;0.499512;0.994;2505.42;"🔴 +0.09% pior que a anterior";"Recorde Atual: 0.0032 (+8091.21%)";FALSE
"GA_RUN_0021";"2026-08-19 17:48:56";"10000";10;"Laplace";"Normal";0.778647;0.372416;90;24;9.37789802348337e-05;-0.237636;0.262928;0.354004;0.327881;0.498419;0.994;2086.2;"🟢 0.07% melhor que a anterior";"Recorde Atual: 0.0032 (+8085.79%)";FALSE
"GA_RUN_0022";"2026-08-19 18:10:04";"10000";10;"Pearson V";"Uniforme";0.854964;0.715887;52;4;8.83543227005871e-05;-0.237725;0.262957;0.353898;0.327657;0.498257;0.994;1268.06;"🔴 +0.01% pior que a anterior";"Recorde Atual: 0.0032 (+8086.70%)";FALSE
"GA_RUN_0023";"2026-08-19 18:44:29";"10000";10;"t de Student";"Uniforme";0.701208;0.84674;123;24;5.40627375733855e-05;-0.237579;0.262891;0.353862;0.328417;0.499808;0.994;2064.45;"🟢 0.03% melhor que a anterior";"Recorde Atual: 0.0032 (+8084.66%)";FALSE
"GA_RUN_0024";"2026-08-19 19:40:04";"10000";10;"Laplace";"Uniforme";0.785544;0.829947;78;28;6.04560839530333e-05;-0.237601;0.263004;0.354066;0.328447;0.498463;0.994;3334.45;"🔴 +0.04% pior que a anterior";"Recorde Atual: 0.0032 (+8088.18%)";FALSE
"GA_RUN_0025";"2026-08-19 20:32:40";"10000";10;"Pearson V";"t de Student";0.910102;0.93589;25;4;4.36008980430528e-05;-0.237715;0.262879;0.353801;0.327714;0.498274;0.994;3156.75;"🟢 0.05% melhor que a anterior";"Recorde Atual: 0.0032 (+8084.27%)";FALSE
"GA_RUN_0026";"2026-08-19 21:23:18";"10000";10;"t de Student";"t de Student";0.180688;0.636678;3;3;6.74306436399217e-05;-0.237694;0.262601;0.353623;0.327706;0.498818;0.994;3037.57;"🟢 0.11% melhor que a anterior";"Recorde Atual: 0.0032 (+8075.61%)";FALSE
"GA_RUN_0027";"2026-08-19 21:57:01";"10000";10;"Laplace";"t de Student";0.623883;0.377894;114;30;7.44052033268102e-05;-0.23753;0.262863;0.354294;0.328865;0.500213;0.9939;2022.94;"🔴 +0.10% pior que a anterior";"Recorde Atual: 0.0032 (+8083.77%)";FALSE
"GA_RUN_0028";"2026-08-20 09:44:09";"10000";10;"Cauchy";"Normal";0.415897;0.140908;11;4;1.41527571428571e-05;-0.237573;0.262589;0.353289;0.327939;0.498661;0.994;1305.31;"🟢 0.10% melhor que a anterior";"Recorde Atual: 0.0032 (+8075.24%)";FALSE
"GA_RUN_0029";"2026-08-20 10:26:32";"10000";10;"t de Student Assimétrica";"Normal";0.174028;0.780943;17;33;6.64619547945206e-05;-0.237339;0.262232;0.353478;0.33107;0.501005;0.9939;2541.82;"🟢 0.14% melhor que a anterior";"Recorde Atual: 0.0032 (+8064.12%)";FALSE
"GA_RUN_0030";"2026-08-20 11:36:51";"10000";10;"Laplace";"Normal";0.111817;0.215273;57;22;5.71625418786693e-05;-0.237499;0.26263;0.354092;0.327224;0.498527;0.994;4219.16;"🔴 +0.15% pior que a anterior";"Recorde Atual: 0.0032 (+8076.52%)";FALSE
"GA_RUN_0031";"2026-08-20 12:02:55";"10000";10;"Cauchy";"Cauchy";0.238176;0.713995;60;5;4.18572581213307e-05;-0.237554;0.262298;0.353067;0.328413;0.498862;0.994;1563.95;"🟢 0.13% melhor que a anterior";"Recorde Atual: 0.0032 (+8066.18%)";FALSE
"GA_RUN_0032";"2026-08-20 12:53:13";"10000";10;"t de Student Assimétrica";"Cauchy";0.562748;0.414295;28;3;1.62838726027397e-05;-0.237349;0.262822;0.354279;0.558151;3.849416;0.6412;3017.75;"🔴 +0.20% pior que a anterior";"Recorde Atual: 0.0032 (+8082.50%)";FALSE
"GA_RUN_0033";"2026-08-20 13:49:20";"10000";10;"Laplace";"Cauchy";0.924217;0.652074;97;28;2.98455164383562e-05;-0.237342;0.262352;0.353158;0.328949;0.495386;0.9941;3367.25;"🟢 0.18% melhor que a anterior";"Recorde Atual: 0.0032 (+8067.88%)";FALSE
"GA_RUN_0034";"2026-08-20 15:06:02";"10000";10;"Cauchy";"Laplace";0.966163;0.38576;6;25;1.33778060665362e-05;-0.237476;0.263028;0.354002;0.327713;0.498587;0.994;4601.9;"🔴 +0.26% pior que a anterior";"Recorde Atual: 0.0032 (+8088.91%)";FALSE
"GA_RUN_0035";"2026-08-20 15:53:06";"10000";10;"t de Student Assimétrica";"Laplace";0.532841;0.782034;84;27;2.82956142857143e-05;-0.237481;0.262908;0.354351;0.32892;0.501223;0.9939;2823.98;"🟢 0.05% melhor que a anterior";"Recorde Atual: 0.0032 (+8085.19%)";FALSE
"GA_RUN_0036";"2026-08-20 16:34:40";"10000";10;"Laplace";"Laplace";0.322459;0.815016;102;16;7.36302522504892e-05;-0.237448;0.26254;0.354075;0.328565;0.500598;0.9939;2493.22;"🟢 0.14% melhor que a anterior";"Recorde Atual: 0.0032 (+8073.74%)";FALSE
"GA_RUN_0037";"2026-08-20 19:32:34";"10000";10;"Normal Esparsa";"Normal Esparsa";0.224008;0.613187;116;9;5.15441465753425e-05;-0.237413;0.262543;0.35325;0.328892;0.501048;0.9939;2893;"🔴 +0.00% pior que a anterior";"Recorde Atual: 0.0032 (+8073.81%)";FALSE
"GA_RUN_0038";"2026-08-20 20:27:00";"10000";10;"GED";"Normal Esparsa";0.955833;0.763815;5;20;2.14101545988258e-06;-0.237518;0.262619;0.353357;0.327963;0.498655;0.994;3266.12;"🔴 +0.03% pior que a anterior";"Recorde Atual: 0.0032 (+8076.18%)";FALSE
"GA_RUN_0039";"2026-08-20 21:33:12";"10000";10;"Normal Esparsa";"F de Snedecor";0.734556;0.664533;125;16;2.69394499021526e-05;-0.237576;0.262558;0.353992;0.329257;0.500768;0.9939;3971.5;"🟢 0.02% melhor que a anterior";"Recorde Atual: 0.0032 (+8074.27%)";FALSE
"GA_RUN_0040";"2026-08-20 22:09:45";"10000";10;"GED";"F de Snedecor";0.871711;0.673589;9;16;2.15147923679061e-05;-0.237538;0.26266;0.35343;0.327963;0.498615;0.994;2193.47;"🔴 +0.04% pior que a anterior";"Recorde Atual: 0.0032 (+8077.45%)";FALSE
"GA_RUN_0041";"2026-08-20 23:20:49";"10000";10;"Normal Esparsa";"GED";0.13527;0.692625;20;29;8.50607806262231e-05;-0.237514;0.262315;0.353174;0.329494;0.501163;0.9939;4263.49;"🟢 0.13% melhor que a anterior";"Recorde Atual: 0.0032 (+8066.73%)";FALSE
"GA_RUN_0042";"2026-08-21 00:10:21";"10000";10;"GED";"GED";0.643499;0.543721;117;29;4.72819156555773e-05;-0.237562;0.262734;0.353502;0.32785;0.498536;0.994;2971.63;"🔴 +0.16% pior que a anterior";"Recorde Atual: 0.0032 (+8079.77%)";FALSE
"GA_RUN_0043";"2026-08-21 09:00:29";"10000";10;"Normal";"Uniforme";0.686353;0.984505;86;29;2.50020722113503e-05;-0.237509;0.262835;0.354263;0.329187;0.500788;0.9939;2876.78;"🔴 +0.04% pior que a anterior";"Recorde Atual: 0.0032 (+8082.92%)";FALSE
"GA_RUN_0044";"2026-08-21 10:01:54";"10000";10;"Uniforme";"Uniforme";0.786986;0.62914;15;27;2.81018765166341e-05;-0.237638;0.263167;0.354437;0.328275;0.499218;0.994;3684.6;"🔴 +0.13% pior que a anterior";"Recorde Atual: 0.0032 (+8093.24%)";FALSE
"GA_RUN_0045";"2026-08-21 11:09:37";"10000";10;"Normal Esparsa";"Uniforme";0.506832;0.762678;34;12;3.44952228962818e-05;-0.237494;0.262753;0.354153;0.328305;0.498942;0.994;4062.98;"🟢 0.16% melhor que a anterior";"Recorde Atual: 0.0032 (+8080.36%)";FALSE
"GA_RUN_0046";"2026-08-21 12:17:02";"10000";10;"Normal";"Normal";0.316332;0.017388;57;3;2.96517786692759e-05;-0.237664;0.262674;0.353434;0.328365;0.499037;0.994;4045.47;"🟢 0.03% melhor que a anterior";"Recorde Atual: 0.0032 (+8077.91%)";FALSE
"GA_RUN_0047";"2026-08-21 12:58:20";"10000";10;"Uniforme";"Normal";0.546383;0.231912;3;26;4.94130311154599e-05;-0.237571;0.262951;0.354231;0.329152;0.50055;0.9939;2477.25;"🔴 +0.11% pior que a anterior";"Recorde Atual: 0.0032 (+8086.53%)";FALSE
"GA_RUN_0048";"2026-08-21 13:27:42";"10000";10;"Normal Esparsa";"Normal";0.845488;0.875411;16;9;8.23484518590998e-05;-0.237442;0.263101;0.353991;0.327938;0.500285;0.9939;1761.69;"🔴 +0.06% pior que a anterior";"Recorde Atual: 0.0032 (+8091.20%)";FALSE
